ano (uid);ano (nome);local (uid);local (nome);abrangencia (uid);abrangencia (nome);pais (uid);pais (nome);indicador (uid);indicador (nome);categoria (uid);categoria (nome);estatistica (uid);estatistica (nome);lococor (uid);lococor (nome);atestante (uid);atestante (nome);racacor (uid);racacor (nome);grupoetario (uid);grupoetario (nome);Janeiro;Fevereiro;Março;Abril;Maio;Junho;Julho;Agosto;Setembro;Outubro;Novembro;Dezembro;Ano
2021;2021;1;Óbitos por residência;1;País;76;Brasil;300001;MIF;1;Notificação de óbitos de mulheres;1;Número de óbitos;0;Todos;0;Todos;0;Todos;3002;10 a 19;429;375;452;427;451;436;448;421;439;420;400;430;5.128
2021;2021;1;Óbitos por residência;1;País;76;Brasil;300001;MIF;1;Notificação de óbitos de mulheres;1;Número de óbitos;0;Todos;0;Todos;0;Todos;3003;20 a 29;1.012;878;1.311;1.384;1.344;1.373;1.182;1.035;927;938;830;951;13.165
2021;2021;1;Óbitos por residência;1;País;76;Brasil;300001;MIF;1;Notificação de óbitos de mulheres;1;Número de óbitos;0;Todos;0;Todos;0;Todos;3004;30 a 39;1.947;1.798;3.094;3.137;3.061;3.162;2.512;2.053;1.625;1.565;1.568;1.717;27.239
2021;2021;1;Óbitos por residência;1;País;76;Brasil;300001;MIF;1;Notificação de óbitos de mulheres;1;Número de óbitos;0;Todos;0;Todos;0;Todos;3005;40 a 49;3.708;3.508;6.141;6.392;6.158;6.359;4.713;3.416;3.070;2.932;2.792;3.130;52.319
2021;2021;1;Óbitos por residência;1;País;76;Brasil;300001;MIF;1;Notificação de óbitos de mulheres;1;Número de óbitos;0;Todos;0;Todos;0;Todos;3006;10 a 49;7.096;6.559;10.998;11.340;11.014;11.330;8.855;6.925;6.061;5.855;5.590;6.228;97.851
2022;2022;1;Óbitos por residência;1;País;76;Brasil;300001;MIF;1;Notificação de óbitos de mulheres;1;Número de óbitos;0;Todos;0;Todos;0;Todos;3002;10 a 19;587;413;416;369;406;427;422;384;388;393;401;422;5.028
2022;2022;1;Óbitos por residência;1;País;76;Brasil;300001;MIF;1;Notificação de óbitos de mulheres;1;Número de óbitos;0;Todos;0;Todos;0;Todos;3003;20 a 29;1.179;896;922;894;940;863;970;916;885;869;792;900;11.026
2022;2022;1;Óbitos por residência;1;País;76;Brasil;300001;MIF;1;Notificação de óbitos de mulheres;1;Número de óbitos;0;Todos;0;Todos;0;Todos;3004;30 a 39;1.852;1.547;1.565;1.485;1.634;1.552;1.570;1.593;1.482;1.528;1.408;1.487;18.703
2022;2022;1;Óbitos por residência;1;País;76;Brasil;300001;MIF;1;Notificação de óbitos de mulheres;1;Número de óbitos;0;Todos;0;Todos;0;Todos;3005;40 a 49;3.528;3.074;2.925;2.807;3.156;3.033;3.091;2.886;2.810;2.794;2.745;2.916;35.765
2022;2022;1;Óbitos por residência;1;País;76;Brasil;300001;MIF;1;Notificação de óbitos de mulheres;1;Número de óbitos;0;Todos;0;Todos;0;Todos;3006;10 a 49;7.146;5.930;5.828;5.555;6.136;5.875;6.053;5.779;5.565;5.584;5.346;5.725;70.522
2023;2023;1;Óbitos por residência;1;País;76;Brasil;300001;MIF;1;Notificação de óbitos de mulheres;1;Número de óbitos;0;Todos;0;Todos;0;Todos;3002;10 a 19;393;342;406;443;397;386;375;371;345;344;399;406;4.607
2023;2023;1;Óbitos por residência;1;País;76;Brasil;300001;MIF;1;Notificação de óbitos de mulheres;1;Número de óbitos;0;Todos;0;Todos;0;Todos;3003;20 a 29;853;811;962;842;965;876;852;809;832;825;862;944;10.433
2023;2023;1;Óbitos por residência;1;País;76;Brasil;300001;MIF;1;Notificação de óbitos de mulheres;1;Número de óbitos;0;Todos;0;Todos;0;Todos;3004;30 a 39;1.505;1.400;1.484;1.556;1.596;1.447;1.559;1.506;1.396;1.541;1.500;1.517;18.007
2023;2023;1;Óbitos por residência;1;País;76;Brasil;300001;MIF;1;Notificação de óbitos de mulheres;1;Número de óbitos;0;Todos;0;Todos;0;Todos;3005;40 a 49;2.821;2.613;2.930;3.006;3.067;3.011;3.035;2.822;2.763;2.887;2.795;2.944;34.694
2023;2023;1;Óbitos por residência;1;País;76;Brasil;300001;MIF;1;Notificação de óbitos de mulheres;1;Número de óbitos;0;Todos;0;Todos;0;Todos;3006;10 a 49;5.572;5.166;5.782;5.847;6.025;5.720;5.821;5.508;5.336;5.597;5.556;5.811;67.741
2024;2024;1;Óbitos por residência;1;País;76;Brasil;300001;MIF;1;Notificação de óbitos de mulheres;1;Número de óbitos;0;Todos;0;Todos;0;Todos;3002;10 a 19;367;338;418;481;447;420;383;349;398;409;363;412;4.785
2024;2024;1;Óbitos por residência;1;País;76;Brasil;300001;MIF;1;Notificação de óbitos de mulheres;1;Número de óbitos;0;Todos;0;Todos;0;Todos;3003;20 a 29;896;830;1.000;972;964;912;826;887;915;880;824;910;10.816
2024;2024;1;Óbitos por residência;1;País;76;Brasil;300001;MIF;1;Notificação de óbitos de mulheres;1;Número de óbitos;0;Todos;0;Todos;0;Todos;3004;30 a 39;1.568;1.566;1.668;1.707;1.692;1.625;1.578;1.518;1.501;1.525;1.460;1.535;18.943
2024;2024;1;Óbitos por residência;1;País;76;Brasil;300001;MIF;1;Notificação de óbitos de mulheres;1;Número de óbitos;0;Todos;0;Todos;0;Todos;3005;40 a 49;2.952;2.976;3.220;3.284;3.300;3.061;3.026;3.047;2.871;2.974;3.008;2.974;36.693
2024;2024;1;Óbitos por residência;1;País;76;Brasil;300001;MIF;1;Notificação de óbitos de mulheres;1;Número de óbitos;0;Todos;0;Todos;0;Todos;3006;10 a 49;5.783;5.710;6.306;6.444;6.403;6.018;5.813;5.801;5.685;5.788;5.655;5.831;71.237
2025;2025*;1;Óbitos por residência;1;País;76;Brasil;300001;MIF;1;Notificação de óbitos de mulheres;1;Número de óbitos;0;Todos;0;Todos;0;Todos;3002;10 a 19;343;292;400;379;433;435;375;377;394;365;344;384;4.521
2025;2025*;1;Óbitos por residência;1;País;76;Brasil;300001;MIF;1;Notificação de óbitos de mulheres;1;Número de óbitos;0;Todos;0;Todos;0;Todos;3003;20 a 29;865;756;897;843;931;851;842;918;808;797;786;852;10.146
2025;2025*;1;Óbitos por residência;1;País;76;Brasil;300001;MIF;1;Notificação de óbitos de mulheres;1;Número de óbitos;0;Todos;0;Todos;0;Todos;3004;30 a 39;1.585;1.365;1.500;1.524;1.653;1.637;1.538;1.507;1.468;1.525;1.494;1.492;18.288
2025;2025*;1;Óbitos por residência;1;País;76;Brasil;300001;MIF;1;Notificação de óbitos de mulheres;1;Número de óbitos;0;Todos;0;Todos;0;Todos;3005;40 a 49;3.077;2.759;2.972;3.075;3.304;3.143;3.123;3.048;2.930;2.814;2.821;2.867;35.933
2025;2025*;1;Óbitos por residência;1;País;76;Brasil;300001;MIF;1;Notificação de óbitos de mulheres;1;Número de óbitos;0;Todos;0;Todos;0;Todos;3006;10 a 49;5.870;5.172;5.769;5.821;6.321;6.066;5.878;5.850;5.600;5.501;5.445;5.595;68.888