ano (uid);ano (nome);local (uid);local (nome);indicador (uid);indicador (nome);categoria (uid);categoria (nome);estatistica (uid);estatistica (nome);lococor (uid);lococor (nome);atestante (uid);atestante (nome);grupoetario (uid);grupoetario (nome);racacor (uid);racacor (nome);abrangencia (uid);abrangencia (nome);localidade (uid);localidade (nome);Janeiro;Fevereiro;Março;Abril;Maio;Junho;Julho;Agosto;Setembro;Outubro;Novembro;Dezembro;Ano
2024;2024;1;Óbitos por residência;300001;MIF;1;Notificação de óbitos de mulheres;1;Número de óbitos;0;Todos;0;Todos;3002;10 a 19;0;Todos;1;País;76;Brasil;367;338;418;481;447;420;383;349;398;409;363;412;4.785
2024;2024;1;Óbitos por residência;300001;MIF;1;Notificação de óbitos de mulheres;1;Número de óbitos;0;Todos;0;Todos;3002;10 a 19;0;Todos;2;Região;1;Norte;47;47;60;54;48;43;45;45;57;50;54;53;603
2024;2024;1;Óbitos por residência;300001;MIF;1;Notificação de óbitos de mulheres;1;Número de óbitos;0;Todos;0;Todos;3002;10 a 19;0;Todos;3;Unidade da federação;11;Rondônia;4;1;4;1;4;0;2;4;7;5;6;6;44
2024;2024;1;Óbitos por residência;300001;MIF;1;Notificação de óbitos de mulheres;1;Número de óbitos;0;Todos;0;Todos;3002;10 a 19;0;Todos;3;Unidade da federação;12;Acre;4;3;3;2;3;2;2;0;1;3;0;4;27
2024;2024;1;Óbitos por residência;300001;MIF;1;Notificação de óbitos de mulheres;1;Número de óbitos;0;Todos;0;Todos;3002;10 a 19;0;Todos;3;Unidade da federação;13;Amazonas;18;11;11;13;10;15;11;18;17;13;11;8;156
2024;2024;1;Óbitos por residência;300001;MIF;1;Notificação de óbitos de mulheres;1;Número de óbitos;0;Todos;0;Todos;3002;10 a 19;0;Todos;3;Unidade da federação;14;Roraima;4;1;2;2;3;3;2;3;2;3;2;7;34
2024;2024;1;Óbitos por residência;300001;MIF;1;Notificação de óbitos de mulheres;1;Número de óbitos;0;Todos;0;Todos;3002;10 a 19;0;Todos;3;Unidade da federação;15;Pará;14;27;32;29;17;19;19;13;23;18;26;21;258
2024;2024;1;Óbitos por residência;300001;MIF;1;Notificação de óbitos de mulheres;1;Número de óbitos;0;Todos;0;Todos;3002;10 a 19;0;Todos;3;Unidade da federação;16;Amapá;1;1;3;3;6;1;6;2;4;3;6;2;38
2024;2024;1;Óbitos por residência;300001;MIF;1;Notificação de óbitos de mulheres;1;Número de óbitos;0;Todos;0;Todos;3002;10 a 19;0;Todos;3;Unidade da federação;17;Tocantins;2;3;5;4;5;3;3;5;3;5;3;5;46
2024;2024;1;Óbitos por residência;300001;MIF;1;Notificação de óbitos de mulheres;1;Número de óbitos;0;Todos;0;Todos;3002;10 a 19;0;Todos;2;Região;2;Nordeste;114;90;127;153;118;135;116;111;112;124;112;125;1.437
2024;2024;1;Óbitos por residência;300001;MIF;1;Notificação de óbitos de mulheres;1;Número de óbitos;0;Todos;0;Todos;3002;10 a 19;0;Todos;3;Unidade da federação;21;Maranhão;12;9;24;25;21;15;15;16;22;24;19;15;217
2024;2024;1;Óbitos por residência;300001;MIF;1;Notificação de óbitos de mulheres;1;Número de óbitos;0;Todos;0;Todos;3002;10 a 19;0;Todos;3;Unidade da federação;22;Piauí;7;6;4;6;8;12;6;6;6;10;7;6;84
2024;2024;1;Óbitos por residência;300001;MIF;1;Notificação de óbitos de mulheres;1;Número de óbitos;0;Todos;0;Todos;3002;10 a 19;0;Todos;3;Unidade da federação;23;Ceará;18;10;21;23;22;26;17;17;19;17;16;23;229
2024;2024;1;Óbitos por residência;300001;MIF;1;Notificação de óbitos de mulheres;1;Número de óbitos;0;Todos;0;Todos;3002;10 a 19;0;Todos;3;Unidade da federação;24;Rio Grande do Norte;7;5;7;6;0;8;8;3;5;7;7;4;67
2024;2024;1;Óbitos por residência;300001;MIF;1;Notificação de óbitos de mulheres;1;Número de óbitos;0;Todos;0;Todos;3002;10 a 19;0;Todos;3;Unidade da federação;25;Paraíba;4;7;7;13;9;5;9;3;7;9;5;14;92
2024;2024;1;Óbitos por residência;300001;MIF;1;Notificação de óbitos de mulheres;1;Número de óbitos;0;Todos;0;Todos;3002;10 a 19;0;Todos;3;Unidade da federação;26;Pernambuco;23;20;15;21;18;14;15;16;19;15;24;21;221
2024;2024;1;Óbitos por residência;300001;MIF;1;Notificação de óbitos de mulheres;1;Número de óbitos;0;Todos;0;Todos;3002;10 a 19;0;Todos;3;Unidade da federação;27;Alagoas;5;6;14;12;8;7;8;9;4;3;4;7;87
2024;2024;1;Óbitos por residência;300001;MIF;1;Notificação de óbitos de mulheres;1;Número de óbitos;0;Todos;0;Todos;3002;10 a 19;0;Todos;3;Unidade da federação;28;Sergipe;1;3;5;6;3;9;6;4;0;2;4;1;44
2024;2024;1;Óbitos por residência;300001;MIF;1;Notificação de óbitos de mulheres;1;Número de óbitos;0;Todos;0;Todos;3002;10 a 19;0;Todos;3;Unidade da federação;29;Bahia;37;24;30;41;29;39;32;37;30;37;26;34;396
2024;2024;1;Óbitos por residência;300001;MIF;1;Notificação de óbitos de mulheres;1;Número de óbitos;0;Todos;0;Todos;3002;10 a 19;0;Todos;2;Região;3;Sudeste;130;118;149;183;204;162;133;118;144;139;122;155;1.757
2024;2024;1;Óbitos por residência;300001;MIF;1;Notificação de óbitos de mulheres;1;Número de óbitos;0;Todos;0;Todos;3002;10 a 19;0;Todos;3;Unidade da federação;31;Minas Gerais;42;31;48;53;54;36;32;32;38;33;41;29;469
2024;2024;1;Óbitos por residência;300001;MIF;1;Notificação de óbitos de mulheres;1;Número de óbitos;0;Todos;0;Todos;3002;10 a 19;0;Todos;3;Unidade da federação;32;Espírito Santo;11;6;8;15;14;3;5;5;6;5;5;5;88
2024;2024;1;Óbitos por residência;300001;MIF;1;Notificação de óbitos de mulheres;1;Número de óbitos;0;Todos;0;Todos;3002;10 a 19;0;Todos;3;Unidade da federação;33;Rio de Janeiro;24;28;23;27;33;36;26;27;30;32;27;31;344
2024;2024;1;Óbitos por residência;300001;MIF;1;Notificação de óbitos de mulheres;1;Número de óbitos;0;Todos;0;Todos;3002;10 a 19;0;Todos;3;Unidade da federação;35;São Paulo;53;53;70;88;103;87;70;54;70;69;49;90;856
2024;2024;1;Óbitos por residência;300001;MIF;1;Notificação de óbitos de mulheres;1;Número de óbitos;0;Todos;0;Todos;3002;10 a 19;0;Todos;2;Região;4;Sul;49;51;54;55;45;49;47;48;56;46;45;49;594
2024;2024;1;Óbitos por residência;300001;MIF;1;Notificação de óbitos de mulheres;1;Número de óbitos;0;Todos;0;Todos;3002;10 a 19;0;Todos;3;Unidade da federação;41;Paraná;18;24;27;22;17;18;20;16;27;19;17;15;240
2024;2024;1;Óbitos por residência;300001;MIF;1;Notificação de óbitos de mulheres;1;Número de óbitos;0;Todos;0;Todos;3002;10 a 19;0;Todos;3;Unidade da federação;42;Santa Catarina;10;11;11;17;15;10;15;11;12;7;10;18;147
2024;2024;1;Óbitos por residência;300001;MIF;1;Notificação de óbitos de mulheres;1;Número de óbitos;0;Todos;0;Todos;3002;10 a 19;0;Todos;3;Unidade da federação;43;Rio Grande do Sul;21;16;16;16;13;21;12;21;17;20;18;16;207
2024;2024;1;Óbitos por residência;300001;MIF;1;Notificação de óbitos de mulheres;1;Número de óbitos;0;Todos;0;Todos;3002;10 a 19;0;Todos;2;Região;5;Centro-Oeste;27;32;28;36;32;31;42;27;29;50;30;30;394
2024;2024;1;Óbitos por residência;300001;MIF;1;Notificação de óbitos de mulheres;1;Número de óbitos;0;Todos;0;Todos;3002;10 a 19;0;Todos;3;Unidade da federação;50;Mato Grosso do Sul;12;6;5;8;9;7;9;4;8;10;7;6;91
2024;2024;1;Óbitos por residência;300001;MIF;1;Notificação de óbitos de mulheres;1;Número de óbitos;0;Todos;0;Todos;3002;10 a 19;0;Todos;3;Unidade da federação;51;Mato Grosso;6;7;6;8;7;6;7;8;9;7;9;11;91
2024;2024;1;Óbitos por residência;300001;MIF;1;Notificação de óbitos de mulheres;1;Número de óbitos;0;Todos;0;Todos;3002;10 a 19;0;Todos;3;Unidade da federação;52;Goiás;6;16;16;12;11;14;21;10;9;28;10;12;165
2024;2024;1;Óbitos por residência;300001;MIF;1;Notificação de óbitos de mulheres;1;Número de óbitos;0;Todos;0;Todos;3002;10 a 19;0;Todos;3;Unidade da federação;53;Distrito Federal;3;3;1;8;5;4;5;5;3;5;4;1;47
2024;2024;1;Óbitos por residência;300001;MIF;1;Notificação de óbitos de mulheres;1;Número de óbitos;0;Todos;0;Todos;3003;20 a 29;0;Todos;1;País;76;Brasil;896;830;1.000;972;964;912;826;887;915;880;824;910;10.816
2024;2024;1;Óbitos por residência;300001;MIF;1;Notificação de óbitos de mulheres;1;Número de óbitos;0;Todos;0;Todos;3003;20 a 29;0;Todos;2;Região;1;Norte;90;80;104;102;105;73;94;101;90;93;97;103;1.132
2024;2024;1;Óbitos por residência;300001;MIF;1;Notificação de óbitos de mulheres;1;Número de óbitos;0;Todos;0;Todos;3003;20 a 29;0;Todos;3;Unidade da federação;11;Rondônia;5;7;12;10;6;5;11;5;5;7;11;10;94
2024;2024;1;Óbitos por residência;300001;MIF;1;Notificação de óbitos de mulheres;1;Número de óbitos;0;Todos;0;Todos;3003;20 a 29;0;Todos;3;Unidade da federação;12;Acre;3;6;5;5;6;3;5;3;7;6;3;5;57
2024;2024;1;Óbitos por residência;300001;MIF;1;Notificação de óbitos de mulheres;1;Número de óbitos;0;Todos;0;Todos;3003;20 a 29;0;Todos;3;Unidade da federação;13;Amazonas;27;21;25;28;22;21;17;30;18;17;24;17;267
2024;2024;1;Óbitos por residência;300001;MIF;1;Notificação de óbitos de mulheres;1;Número de óbitos;0;Todos;0;Todos;3003;20 a 29;0;Todos;3;Unidade da federação;14;Roraima;4;1;5;5;7;2;1;6;7;5;6;3;52
2024;2024;1;Óbitos por residência;300001;MIF;1;Notificação de óbitos de mulheres;1;Número de óbitos;0;Todos;0;Todos;3003;20 a 29;0;Todos;3;Unidade da federação;15;Pará;39;37;44;40;47;39;53;47;45;40;46;47;524
2024;2024;1;Óbitos por residência;300001;MIF;1;Notificação de óbitos de mulheres;1;Número de óbitos;0;Todos;0;Todos;3003;20 a 29;0;Todos;3;Unidade da federação;16;Amapá;2;3;3;5;9;0;2;4;2;6;3;9;48
2024;2024;1;Óbitos por residência;300001;MIF;1;Notificação de óbitos de mulheres;1;Número de óbitos;0;Todos;0;Todos;3003;20 a 29;0;Todos;3;Unidade da federação;17;Tocantins;10;5;10;9;8;3;5;6;6;12;4;12;90
2024;2024;1;Óbitos por residência;300001;MIF;1;Notificação de óbitos de mulheres;1;Número de óbitos;0;Todos;0;Todos;3003;20 a 29;0;Todos;2;Região;2;Nordeste;261;202;281;260;255;258;221;235;248;265;236;269;2.991
2024;2024;1;Óbitos por residência;300001;MIF;1;Notificação de óbitos de mulheres;1;Número de óbitos;0;Todos;0;Todos;3003;20 a 29;0;Todos;3;Unidade da federação;21;Maranhão;23;18;41;34;34;37;30;32;28;45;30;34;386
2024;2024;1;Óbitos por residência;300001;MIF;1;Notificação de óbitos de mulheres;1;Número de óbitos;0;Todos;0;Todos;3003;20 a 29;0;Todos;3;Unidade da federação;22;Piauí;16;6;14;23;15;21;14;16;14;19;15;16;189
2024;2024;1;Óbitos por residência;300001;MIF;1;Notificação de óbitos de mulheres;1;Número de óbitos;0;Todos;0;Todos;3003;20 a 29;0;Todos;3;Unidade da federação;23;Ceará;30;24;44;43;36;46;28;37;38;34;38;37;435
2024;2024;1;Óbitos por residência;300001;MIF;1;Notificação de óbitos de mulheres;1;Número de óbitos;0;Todos;0;Todos;3003;20 a 29;0;Todos;3;Unidade da federação;24;Rio Grande do Norte;20;6;17;8;11;8;15;14;9;11;18;16;153
2024;2024;1;Óbitos por residência;300001;MIF;1;Notificação de óbitos de mulheres;1;Número de óbitos;0;Todos;0;Todos;3003;20 a 29;0;Todos;3;Unidade da federação;25;Paraíba;16;23;17;17;15;17;14;16;16;14;19;19;203
2024;2024;1;Óbitos por residência;300001;MIF;1;Notificação de óbitos de mulheres;1;Número de óbitos;0;Todos;0;Todos;3003;20 a 29;0;Todos;3;Unidade da federação;26;Pernambuco;50;41;57;42;40;37;45;36;43;48;44;41;524
2024;2024;1;Óbitos por residência;300001;MIF;1;Notificação de óbitos de mulheres;1;Número de óbitos;0;Todos;0;Todos;3003;20 a 29;0;Todos;3;Unidade da federação;27;Alagoas;16;17;15;14;22;23;11;13;21;18;14;10;194
2024;2024;1;Óbitos por residência;300001;MIF;1;Notificação de óbitos de mulheres;1;Número de óbitos;0;Todos;0;Todos;3003;20 a 29;0;Todos;3;Unidade da federação;28;Sergipe;15;10;8;11;6;5;7;6;9;9;6;8;100
2024;2024;1;Óbitos por residência;300001;MIF;1;Notificação de óbitos de mulheres;1;Número de óbitos;0;Todos;0;Todos;3003;20 a 29;0;Todos;3;Unidade da federação;29;Bahia;75;57;68;68;76;64;57;65;70;67;52;88;807
2024;2024;1;Óbitos por residência;300001;MIF;1;Notificação de óbitos de mulheres;1;Número de óbitos;0;Todos;0;Todos;3003;20 a 29;0;Todos;2;Região;3;Sudeste;346;338;413;402;388;368;319;364;354;339;328;349;4.308
2024;2024;1;Óbitos por residência;300001;MIF;1;Notificação de óbitos de mulheres;1;Número de óbitos;0;Todos;0;Todos;3003;20 a 29;0;Todos;3;Unidade da federação;31;Minas Gerais;76;81;115;98;81;87;80;81;75;85;68;77;1.004
2024;2024;1;Óbitos por residência;300001;MIF;1;Notificação de óbitos de mulheres;1;Número de óbitos;0;Todos;0;Todos;3003;20 a 29;0;Todos;3;Unidade da federação;32;Espírito Santo;16;16;23;21;16;12;18;13;15;18;14;20;202
2024;2024;1;Óbitos por residência;300001;MIF;1;Notificação de óbitos de mulheres;1;Número de óbitos;0;Todos;0;Todos;3003;20 a 29;0;Todos;3;Unidade da federação;33;Rio de Janeiro;81;82;81;84;69;78;72;96;79;70;80;83;955
2024;2024;1;Óbitos por residência;300001;MIF;1;Notificação de óbitos de mulheres;1;Número de óbitos;0;Todos;0;Todos;3003;20 a 29;0;Todos;3;Unidade da federação;35;São Paulo;173;159;194;199;222;191;149;174;185;166;166;169;2.147
2024;2024;1;Óbitos por residência;300001;MIF;1;Notificação de óbitos de mulheres;1;Número de óbitos;0;Todos;0;Todos;3003;20 a 29;0;Todos;2;Região;4;Sul;119;130;129;127;147;137;119;117;119;109;91;117;1.461
2024;2024;1;Óbitos por residência;300001;MIF;1;Notificação de óbitos de mulheres;1;Número de óbitos;0;Todos;0;Todos;3003;20 a 29;0;Todos;3;Unidade da federação;41;Paraná;55;61;71;65;61;57;58;61;48;50;39;50;676
2024;2024;1;Óbitos por residência;300001;MIF;1;Notificação de óbitos de mulheres;1;Número de óbitos;0;Todos;0;Todos;3003;20 a 29;0;Todos;3;Unidade da federação;42;Santa Catarina;30;24;29;25;37;32;14;20;27;25;18;28;309
2024;2024;1;Óbitos por residência;300001;MIF;1;Notificação de óbitos de mulheres;1;Número de óbitos;0;Todos;0;Todos;3003;20 a 29;0;Todos;3;Unidade da federação;43;Rio Grande do Sul;34;45;29;37;49;48;47;36;44;34;34;39;476
2024;2024;1;Óbitos por residência;300001;MIF;1;Notificação de óbitos de mulheres;1;Número de óbitos;0;Todos;0;Todos;3003;20 a 29;0;Todos;2;Região;5;Centro-Oeste;80;80;73;81;69;76;73;70;104;74;72;72;924
2024;2024;1;Óbitos por residência;300001;MIF;1;Notificação de óbitos de mulheres;1;Número de óbitos;0;Todos;0;Todos;3003;20 a 29;0;Todos;3;Unidade da federação;50;Mato Grosso do Sul;12;11;10;12;13;17;15;8;17;9;14;16;154
2024;2024;1;Óbitos por residência;300001;MIF;1;Notificação de óbitos de mulheres;1;Número de óbitos;0;Todos;0;Todos;3003;20 a 29;0;Todos;3;Unidade da federação;51;Mato Grosso;23;25;16;21;12;16;24;12;30;20;15;18;232
2024;2024;1;Óbitos por residência;300001;MIF;1;Notificação de óbitos de mulheres;1;Número de óbitos;0;Todos;0;Todos;3003;20 a 29;0;Todos;3;Unidade da federação;52;Goiás;33;30;36;36;37;35;23;33;47;37;30;32;409
2024;2024;1;Óbitos por residência;300001;MIF;1;Notificação de óbitos de mulheres;1;Número de óbitos;0;Todos;0;Todos;3003;20 a 29;0;Todos;3;Unidade da federação;53;Distrito Federal;12;14;11;12;7;8;11;17;10;8;13;6;129
2024;2024;1;Óbitos por residência;300001;MIF;1;Notificação de óbitos de mulheres;1;Número de óbitos;0;Todos;0;Todos;3004;30 a 39;0;Todos;1;País;76;Brasil;1.568;1.566;1.668;1.707;1.692;1.625;1.578;1.518;1.501;1.525;1.460;1.535;18.943
2024;2024;1;Óbitos por residência;300001;MIF;1;Notificação de óbitos de mulheres;1;Número de óbitos;0;Todos;0;Todos;3004;30 a 39;0;Todos;2;Região;1;Norte;143;119;130;144;161;116;176;145;136;155;121;159;1.705
2024;2024;1;Óbitos por residência;300001;MIF;1;Notificação de óbitos de mulheres;1;Número de óbitos;0;Todos;0;Todos;3004;30 a 39;0;Todos;3;Unidade da federação;11;Rondônia;14;10;8;13;15;11;15;12;14;10;20;15;157
2024;2024;1;Óbitos por residência;300001;MIF;1;Notificação de óbitos de mulheres;1;Número de óbitos;0;Todos;0;Todos;3004;30 a 39;0;Todos;3;Unidade da federação;12;Acre;4;4;9;6;5;6;9;10;6;11;3;7;80
2024;2024;1;Óbitos por residência;300001;MIF;1;Notificação de óbitos de mulheres;1;Número de óbitos;0;Todos;0;Todos;3004;30 a 39;0;Todos;3;Unidade da federação;13;Amazonas;37;27;27;33;40;30;40;30;36;36;26;32;394
2024;2024;1;Óbitos por residência;300001;MIF;1;Notificação de óbitos de mulheres;1;Número de óbitos;0;Todos;0;Todos;3004;30 a 39;0;Todos;3;Unidade da federação;14;Roraima;8;3;10;6;3;4;11;8;3;9;6;6;77
2024;2024;1;Óbitos por residência;300001;MIF;1;Notificação de óbitos de mulheres;1;Número de óbitos;0;Todos;0;Todos;3004;30 a 39;0;Todos;3;Unidade da federação;15;Pará;64;59;56;70;69;50;82;64;60;65;52;75;766
2024;2024;1;Óbitos por residência;300001;MIF;1;Notificação de óbitos de mulheres;1;Número de óbitos;0;Todos;0;Todos;3004;30 a 39;0;Todos;3;Unidade da federação;16;Amapá;7;7;6;0;7;2;5;4;6;8;3;10;65
2024;2024;1;Óbitos por residência;300001;MIF;1;Notificação de óbitos de mulheres;1;Número de óbitos;0;Todos;0;Todos;3004;30 a 39;0;Todos;3;Unidade da federação;17;Tocantins;9;9;14;16;22;13;14;17;11;16;11;14;166
2024;2024;1;Óbitos por residência;300001;MIF;1;Notificação de óbitos de mulheres;1;Número de óbitos;0;Todos;0;Todos;3004;30 a 39;0;Todos;2;Região;2;Nordeste;482;439;436;491;445;448;425;439;433;416;417;434;5.305
2024;2024;1;Óbitos por residência;300001;MIF;1;Notificação de óbitos de mulheres;1;Número de óbitos;0;Todos;0;Todos;3004;30 a 39;0;Todos;3;Unidade da federação;21;Maranhão;48;56;41;69;58;54;50;56;45;62;50;62;651
2024;2024;1;Óbitos por residência;300001;MIF;1;Notificação de óbitos de mulheres;1;Número de óbitos;0;Todos;0;Todos;3004;30 a 39;0;Todos;3;Unidade da federação;22;Piauí;35;21;26;32;31;30;31;21;30;30;19;25;331
2024;2024;1;Óbitos por residência;300001;MIF;1;Notificação de óbitos de mulheres;1;Número de óbitos;0;Todos;0;Todos;3004;30 a 39;0;Todos;3;Unidade da federação;23;Ceará;78;63;61;73;63;67;56;82;67;57;54;72;793
2024;2024;1;Óbitos por residência;300001;MIF;1;Notificação de óbitos de mulheres;1;Número de óbitos;0;Todos;0;Todos;3004;30 a 39;0;Todos;3;Unidade da federação;24;Rio Grande do Norte;25;28;27;35;26;14;22;17;17;24;22;13;270
2024;2024;1;Óbitos por residência;300001;MIF;1;Notificação de óbitos de mulheres;1;Número de óbitos;0;Todos;0;Todos;3004;30 a 39;0;Todos;3;Unidade da federação;25;Paraíba;34;29;30;28;30;30;26;30;21;26;25;29;338
2024;2024;1;Óbitos por residência;300001;MIF;1;Notificação de óbitos de mulheres;1;Número de óbitos;0;Todos;0;Todos;3004;30 a 39;0;Todos;3;Unidade da federação;26;Pernambuco;95;78;79;81;92;62;83;83;79;58;66;61;917
2024;2024;1;Óbitos por residência;300001;MIF;1;Notificação de óbitos de mulheres;1;Número de óbitos;0;Todos;0;Todos;3004;30 a 39;0;Todos;3;Unidade da federação;27;Alagoas;29;23;20;23;28;37;25;20;27;26;31;25;314
2024;2024;1;Óbitos por residência;300001;MIF;1;Notificação de óbitos de mulheres;1;Número de óbitos;0;Todos;0;Todos;3004;30 a 39;0;Todos;3;Unidade da federação;28;Sergipe;17;15;18;11;13;14;19;9;18;15;24;21;194
2024;2024;1;Óbitos por residência;300001;MIF;1;Notificação de óbitos de mulheres;1;Número de óbitos;0;Todos;0;Todos;3004;30 a 39;0;Todos;3;Unidade da federação;29;Bahia;121;126;134;139;104;140;113;121;129;118;126;126;1.497
2024;2024;1;Óbitos por residência;300001;MIF;1;Notificação de óbitos de mulheres;1;Número de óbitos;0;Todos;0;Todos;3004;30 a 39;0;Todos;2;Região;3;Sudeste;617;644;735;705;691;704;654;598;598;621;583;603;7.753
2024;2024;1;Óbitos por residência;300001;MIF;1;Notificação de óbitos de mulheres;1;Número de óbitos;0;Todos;0;Todos;3004;30 a 39;0;Todos;3;Unidade da federação;31;Minas Gerais;144;140;166;171;170;160;160;135;147;134;135;145;1.807
2024;2024;1;Óbitos por residência;300001;MIF;1;Notificação de óbitos de mulheres;1;Número de óbitos;0;Todos;0;Todos;3004;30 a 39;0;Todos;3;Unidade da federação;32;Espírito Santo;26;40;32;27;42;29;36;34;24;32;46;30;398
2024;2024;1;Óbitos por residência;300001;MIF;1;Notificação de óbitos de mulheres;1;Número de óbitos;0;Todos;0;Todos;3004;30 a 39;0;Todos;3;Unidade da federação;33;Rio de Janeiro;138;155;148;132;153;149;158;126;121;134;122;132;1.668
2024;2024;1;Óbitos por residência;300001;MIF;1;Notificação de óbitos de mulheres;1;Número de óbitos;0;Todos;0;Todos;3004;30 a 39;0;Todos;3;Unidade da federação;35;São Paulo;309;309;389;375;326;366;300;303;306;321;280;296;3.880
2024;2024;1;Óbitos por residência;300001;MIF;1;Notificação de óbitos de mulheres;1;Número de óbitos;0;Todos;0;Todos;3004;30 a 39;0;Todos;2;Região;4;Sul;211;223;232;224;240;222;210;216;204;207;219;202;2.610
2024;2024;1;Óbitos por residência;300001;MIF;1;Notificação de óbitos de mulheres;1;Número de óbitos;0;Todos;0;Todos;3004;30 a 39;0;Todos;3;Unidade da federação;41;Paraná;77;83;98;96;102;97;80;93;79;81;86;85;1.057
2024;2024;1;Óbitos por residência;300001;MIF;1;Notificação de óbitos de mulheres;1;Número de óbitos;0;Todos;0;Todos;3004;30 a 39;0;Todos;3;Unidade da federação;42;Santa Catarina;58;54;63;52;53;46;56;50;53;46;47;52;630
2024;2024;1;Óbitos por residência;300001;MIF;1;Notificação de óbitos de mulheres;1;Número de óbitos;0;Todos;0;Todos;3004;30 a 39;0;Todos;3;Unidade da federação;43;Rio Grande do Sul;76;86;71;76;85;79;74;73;72;80;86;65;923
2024;2024;1;Óbitos por residência;300001;MIF;1;Notificação de óbitos de mulheres;1;Número de óbitos;0;Todos;0;Todos;3004;30 a 39;0;Todos;2;Região;5;Centro-Oeste;115;141;135;143;155;135;113;120;130;126;120;137;1.570
2024;2024;1;Óbitos por residência;300001;MIF;1;Notificação de óbitos de mulheres;1;Número de óbitos;0;Todos;0;Todos;3004;30 a 39;0;Todos;3;Unidade da federação;50;Mato Grosso do Sul;21;20;30;25;26;25;18;15;26;23;20;29;278
2024;2024;1;Óbitos por residência;300001;MIF;1;Notificação de óbitos de mulheres;1;Número de óbitos;0;Todos;0;Todos;3004;30 a 39;0;Todos;3;Unidade da federação;51;Mato Grosso;25;34;27;34;33;30;22;39;26;28;28;30;356
2024;2024;1;Óbitos por residência;300001;MIF;1;Notificação de óbitos de mulheres;1;Número de óbitos;0;Todos;0;Todos;3004;30 a 39;0;Todos;3;Unidade da federação;52;Goiás;50;61;49;54;75;63;52;44;66;60;62;54;690
2024;2024;1;Óbitos por residência;300001;MIF;1;Notificação de óbitos de mulheres;1;Número de óbitos;0;Todos;0;Todos;3004;30 a 39;0;Todos;3;Unidade da federação;53;Distrito Federal;19;26;29;30;21;17;21;22;12;15;10;24;246
2024;2024;1;Óbitos por residência;300001;MIF;1;Notificação de óbitos de mulheres;1;Número de óbitos;0;Todos;0;Todos;3005;40 a 49;0;Todos;1;País;76;Brasil;2.952;2.976;3.220;3.284;3.300;3.061;3.026;3.047;2.871;2.974;3.008;2.974;36.693
2024;2024;1;Óbitos por residência;300001;MIF;1;Notificação de óbitos de mulheres;1;Número de óbitos;0;Todos;0;Todos;3005;40 a 49;0;Todos;2;Região;1;Norte;228;239;229;258;248;230;237;259;213;247;232;245;2.865
2024;2024;1;Óbitos por residência;300001;MIF;1;Notificação de óbitos de mulheres;1;Número de óbitos;0;Todos;0;Todos;3005;40 a 49;0;Todos;3;Unidade da federação;11;Rondônia;21;25;20;20;20;22;13;22;18;14;24;18;237
2024;2024;1;Óbitos por residência;300001;MIF;1;Notificação de óbitos de mulheres;1;Número de óbitos;0;Todos;0;Todos;3005;40 a 49;0;Todos;3;Unidade da federação;12;Acre;11;8;11;12;15;9;11;7;7;15;14;10;130
2024;2024;1;Óbitos por residência;300001;MIF;1;Notificação de óbitos de mulheres;1;Número de óbitos;0;Todos;0;Todos;3005;40 a 49;0;Todos;3;Unidade da federação;13;Amazonas;50;52;54;48;61;48;45;65;42;53;54;68;640
2024;2024;1;Óbitos por residência;300001;MIF;1;Notificação de óbitos de mulheres;1;Número de óbitos;0;Todos;0;Todos;3005;40 a 49;0;Todos;3;Unidade da federação;14;Roraima;11;10;7;7;9;11;14;11;9;14;10;15;128
2024;2024;1;Óbitos por residência;300001;MIF;1;Notificação de óbitos de mulheres;1;Número de óbitos;0;Todos;0;Todos;3005;40 a 49;0;Todos;3;Unidade da federação;15;Pará;96;119;103;127;116;114;119;120;105;120;97;111;1.347
2024;2024;1;Óbitos por residência;300001;MIF;1;Notificação de óbitos de mulheres;1;Número de óbitos;0;Todos;0;Todos;3005;40 a 49;0;Todos;3;Unidade da federação;16;Amapá;20;12;12;13;12;8;14;8;10;10;10;4;133
2024;2024;1;Óbitos por residência;300001;MIF;1;Notificação de óbitos de mulheres;1;Número de óbitos;0;Todos;0;Todos;3005;40 a 49;0;Todos;3;Unidade da federação;17;Tocantins;19;13;22;31;15;18;21;26;22;21;23;19;250
2024;2024;1;Óbitos por residência;300001;MIF;1;Notificação de óbitos de mulheres;1;Número de óbitos;0;Todos;0;Todos;3005;40 a 49;0;Todos;2;Região;2;Nordeste;840;831;898;866;895;817;828;855;735;820;769;806;9.960
2024;2024;1;Óbitos por residência;300001;MIF;1;Notificação de óbitos de mulheres;1;Número de óbitos;0;Todos;0;Todos;3005;40 a 49;0;Todos;3;Unidade da federação;21;Maranhão;95;106;87;97;87;91;89;89;84;87;86;95;1.093
2024;2024;1;Óbitos por residência;300001;MIF;1;Notificação de óbitos de mulheres;1;Número de óbitos;0;Todos;0;Todos;3005;40 a 49;0;Todos;3;Unidade da federação;22;Piauí;50;46;45;42;45;50;50;41;49;52;48;54;572
2024;2024;1;Óbitos por residência;300001;MIF;1;Notificação de óbitos de mulheres;1;Número de óbitos;0;Todos;0;Todos;3005;40 a 49;0;Todos;3;Unidade da federação;23;Ceará;106;105;130;125;130;114;126;125;101;119;123;107;1.411
2024;2024;1;Óbitos por residência;300001;MIF;1;Notificação de óbitos de mulheres;1;Número de óbitos;0;Todos;0;Todos;3005;40 a 49;0;Todos;3;Unidade da federação;24;Rio Grande do Norte;43;37;45;41;32;33;45;53;26;40;43;41;479
2024;2024;1;Óbitos por residência;300001;MIF;1;Notificação de óbitos de mulheres;1;Número de óbitos;0;Todos;0;Todos;3005;40 a 49;0;Todos;3;Unidade da federação;25;Paraíba;68;53;46;57;68;62;52;56;54;56;41;61;674
2024;2024;1;Óbitos por residência;300001;MIF;1;Notificação de óbitos de mulheres;1;Número de óbitos;0;Todos;0;Todos;3005;40 a 49;0;Todos;3;Unidade da federação;26;Pernambuco;160;156;183;162;156;131;135;156;109;140;130;144;1.762
2024;2024;1;Óbitos por residência;300001;MIF;1;Notificação de óbitos de mulheres;1;Número de óbitos;0;Todos;0;Todos;3005;40 a 49;0;Todos;3;Unidade da federação;27;Alagoas;50;61;60;64;72;50;51;50;49;66;52;55;680
2024;2024;1;Óbitos por residência;300001;MIF;1;Notificação de óbitos de mulheres;1;Número de óbitos;0;Todos;0;Todos;3005;40 a 49;0;Todos;3;Unidade da federação;28;Sergipe;29;31;35;31;34;25;33;35;31;40;20;38;382
2024;2024;1;Óbitos por residência;300001;MIF;1;Notificação de óbitos de mulheres;1;Número de óbitos;0;Todos;0;Todos;3005;40 a 49;0;Todos;3;Unidade da federação;29;Bahia;239;236;267;247;271;261;247;250;232;220;226;211;2.907
2024;2024;1;Óbitos por residência;300001;MIF;1;Notificação de óbitos de mulheres;1;Número de óbitos;0;Todos;0;Todos;3005;40 a 49;0;Todos;2;Região;3;Sudeste;1.211;1.280;1.382;1.470;1.430;1.342;1.318;1.280;1.273;1.247;1.309;1.284;15.826
2024;2024;1;Óbitos por residência;300001;MIF;1;Notificação de óbitos de mulheres;1;Número de óbitos;0;Todos;0;Todos;3005;40 a 49;0;Todos;3;Unidade da federação;31;Minas Gerais;286;325;315;335;341;283;273;272;305;280;309;274;3.598
2024;2024;1;Óbitos por residência;300001;MIF;1;Notificação de óbitos de mulheres;1;Número de óbitos;0;Todos;0;Todos;3005;40 a 49;0;Todos;3;Unidade da federação;32;Espírito Santo;46;57;75;67;69;60;58;51;56;62;61;63;725
2024;2024;1;Óbitos por residência;300001;MIF;1;Notificação de óbitos de mulheres;1;Número de óbitos;0;Todos;0;Todos;3005;40 a 49;0;Todos;3;Unidade da federação;33;Rio de Janeiro;311;276;306;305;301;317;302;296;275;287;291;302;3.569
2024;2024;1;Óbitos por residência;300001;MIF;1;Notificação de óbitos de mulheres;1;Número de óbitos;0;Todos;0;Todos;3005;40 a 49;0;Todos;3;Unidade da federação;35;São Paulo;568;622;686;763;719;682;685;661;637;618;648;645;7.934
2024;2024;1;Óbitos por residência;300001;MIF;1;Notificação de óbitos de mulheres;1;Número de óbitos;0;Todos;0;Todos;3005;40 a 49;0;Todos;2;Região;4;Sul;414;388;445;426;466;436;437;411;419;416;453;394;5.105
2024;2024;1;Óbitos por residência;300001;MIF;1;Notificação de óbitos de mulheres;1;Número de óbitos;0;Todos;0;Todos;3005;40 a 49;0;Todos;3;Unidade da federação;41;Paraná;148;162;196;178;182;183;171;160;154;161;174;162;2.031
2024;2024;1;Óbitos por residência;300001;MIF;1;Notificação de óbitos de mulheres;1;Número de óbitos;0;Todos;0;Todos;3005;40 a 49;0;Todos;3;Unidade da federação;42;Santa Catarina;99;91;79;94;107;85;94;78;92;105;101;96;1.121
2024;2024;1;Óbitos por residência;300001;MIF;1;Notificação de óbitos de mulheres;1;Número de óbitos;0;Todos;0;Todos;3005;40 a 49;0;Todos;3;Unidade da federação;43;Rio Grande do Sul;167;135;170;154;177;168;172;173;173;150;178;136;1.953
2024;2024;1;Óbitos por residência;300001;MIF;1;Notificação de óbitos de mulheres;1;Número de óbitos;0;Todos;0;Todos;3005;40 a 49;0;Todos;2;Região;5;Centro-Oeste;259;238;266;264;261;236;206;242;231;244;245;245;2.937
2024;2024;1;Óbitos por residência;300001;MIF;1;Notificação de óbitos de mulheres;1;Número de óbitos;0;Todos;0;Todos;3005;40 a 49;0;Todos;3;Unidade da federação;50;Mato Grosso do Sul;37;46;58;45;45;51;29;54;47;40;53;42;547
2024;2024;1;Óbitos por residência;300001;MIF;1;Notificação de óbitos de mulheres;1;Número de óbitos;0;Todos;0;Todos;3005;40 a 49;0;Todos;3;Unidade da federação;51;Mato Grosso;62;51;43;54;56;50;48;50;54;49;52;51;620
2024;2024;1;Óbitos por residência;300001;MIF;1;Notificação de óbitos de mulheres;1;Número de óbitos;0;Todos;0;Todos;3005;40 a 49;0;Todos;3;Unidade da federação;52;Goiás;125;101;111;118;117;99;95;106;104;120;98;118;1.312
2024;2024;1;Óbitos por residência;300001;MIF;1;Notificação de óbitos de mulheres;1;Número de óbitos;0;Todos;0;Todos;3005;40 a 49;0;Todos;3;Unidade da federação;53;Distrito Federal;35;40;54;47;43;36;34;32;26;35;42;34;458
2024;2024;1;Óbitos por residência;300001;MIF;1;Notificação de óbitos de mulheres;1;Número de óbitos;0;Todos;0;Todos;3006;10 a 49;0;Todos;1;País;76;Brasil;5.783;5.710;6.306;6.444;6.403;6.018;5.813;5.801;5.685;5.788;5.655;5.831;71.237
2024;2024;1;Óbitos por residência;300001;MIF;1;Notificação de óbitos de mulheres;1;Número de óbitos;0;Todos;0;Todos;3006;10 a 49;0;Todos;2;Região;1;Norte;508;485;523;558;562;462;552;550;496;545;504;560;6.305
2024;2024;1;Óbitos por residência;300001;MIF;1;Notificação de óbitos de mulheres;1;Número de óbitos;0;Todos;0;Todos;3006;10 a 49;0;Todos;3;Unidade da federação;11;Rondônia;44;43;44;44;45;38;41;43;44;36;61;49;532
2024;2024;1;Óbitos por residência;300001;MIF;1;Notificação de óbitos de mulheres;1;Número de óbitos;0;Todos;0;Todos;3006;10 a 49;0;Todos;3;Unidade da federação;12;Acre;22;21;28;25;29;20;27;20;21;35;20;26;294
2024;2024;1;Óbitos por residência;300001;MIF;1;Notificação de óbitos de mulheres;1;Número de óbitos;0;Todos;0;Todos;3006;10 a 49;0;Todos;3;Unidade da federação;13;Amazonas;132;111;117;122;133;114;113;143;113;119;115;125;1.457
2024;2024;1;Óbitos por residência;300001;MIF;1;Notificação de óbitos de mulheres;1;Número de óbitos;0;Todos;0;Todos;3006;10 a 49;0;Todos;3;Unidade da federação;14;Roraima;27;15;24;20;22;20;28;28;21;31;24;31;291
2024;2024;1;Óbitos por residência;300001;MIF;1;Notificação de óbitos de mulheres;1;Número de óbitos;0;Todos;0;Todos;3006;10 a 49;0;Todos;3;Unidade da federação;15;Pará;213;242;235;266;249;222;273;244;233;243;221;254;2.895
2024;2024;1;Óbitos por residência;300001;MIF;1;Notificação de óbitos de mulheres;1;Número de óbitos;0;Todos;0;Todos;3006;10 a 49;0;Todos;3;Unidade da federação;16;Amapá;30;23;24;21;34;11;27;18;22;27;22;25;284
2024;2024;1;Óbitos por residência;300001;MIF;1;Notificação de óbitos de mulheres;1;Número de óbitos;0;Todos;0;Todos;3006;10 a 49;0;Todos;3;Unidade da federação;17;Tocantins;40;30;51;60;50;37;43;54;42;54;41;50;552
2024;2024;1;Óbitos por residência;300001;MIF;1;Notificação de óbitos de mulheres;1;Número de óbitos;0;Todos;0;Todos;3006;10 a 49;0;Todos;2;Região;2;Nordeste;1.697;1.562;1.742;1.770;1.713;1.658;1.590;1.640;1.528;1.625;1.534;1.634;19.693
2024;2024;1;Óbitos por residência;300001;MIF;1;Notificação de óbitos de mulheres;1;Número de óbitos;0;Todos;0;Todos;3006;10 a 49;0;Todos;3;Unidade da federação;21;Maranhão;178;189;193;225;200;197;184;193;179;218;185;206;2.347
2024;2024;1;Óbitos por residência;300001;MIF;1;Notificação de óbitos de mulheres;1;Número de óbitos;0;Todos;0;Todos;3006;10 a 49;0;Todos;3;Unidade da federação;22;Piauí;108;79;89;103;99;113;101;84;99;111;89;101;1.176
2024;2024;1;Óbitos por residência;300001;MIF;1;Notificação de óbitos de mulheres;1;Número de óbitos;0;Todos;0;Todos;3006;10 a 49;0;Todos;3;Unidade da federação;23;Ceará;232;202;256;264;251;253;227;261;225;227;231;239;2.868
2024;2024;1;Óbitos por residência;300001;MIF;1;Notificação de óbitos de mulheres;1;Número de óbitos;0;Todos;0;Todos;3006;10 a 49;0;Todos;3;Unidade da federação;24;Rio Grande do Norte;95;76;96;90;69;63;90;87;57;82;90;74;969
2024;2024;1;Óbitos por residência;300001;MIF;1;Notificação de óbitos de mulheres;1;Número de óbitos;0;Todos;0;Todos;3006;10 a 49;0;Todos;3;Unidade da federação;25;Paraíba;122;112;100;115;122;114;101;105;98;105;90;123;1.307
2024;2024;1;Óbitos por residência;300001;MIF;1;Notificação de óbitos de mulheres;1;Número de óbitos;0;Todos;0;Todos;3006;10 a 49;0;Todos;3;Unidade da federação;26;Pernambuco;328;295;334;306;306;244;278;291;250;261;264;267;3.424
2024;2024;1;Óbitos por residência;300001;MIF;1;Notificação de óbitos de mulheres;1;Número de óbitos;0;Todos;0;Todos;3006;10 a 49;0;Todos;3;Unidade da federação;27;Alagoas;100;107;109;113;130;117;95;92;101;113;101;97;1.275
2024;2024;1;Óbitos por residência;300001;MIF;1;Notificação de óbitos de mulheres;1;Número de óbitos;0;Todos;0;Todos;3006;10 a 49;0;Todos;3;Unidade da federação;28;Sergipe;62;59;66;59;56;53;65;54;58;66;54;68;720
2024;2024;1;Óbitos por residência;300001;MIF;1;Notificação de óbitos de mulheres;1;Número de óbitos;0;Todos;0;Todos;3006;10 a 49;0;Todos;3;Unidade da federação;29;Bahia;472;443;499;495;480;504;449;473;461;442;430;459;5.607
2024;2024;1;Óbitos por residência;300001;MIF;1;Notificação de óbitos de mulheres;1;Número de óbitos;0;Todos;0;Todos;3006;10 a 49;0;Todos;2;Região;3;Sudeste;2.304;2.380;2.679;2.760;2.713;2.576;2.424;2.360;2.369;2.346;2.342;2.391;29.644
2024;2024;1;Óbitos por residência;300001;MIF;1;Notificação de óbitos de mulheres;1;Número de óbitos;0;Todos;0;Todos;3006;10 a 49;0;Todos;3;Unidade da federação;31;Minas Gerais;548;577;644;657;646;566;545;520;565;532;553;525;6.878
2024;2024;1;Óbitos por residência;300001;MIF;1;Notificação de óbitos de mulheres;1;Número de óbitos;0;Todos;0;Todos;3006;10 a 49;0;Todos;3;Unidade da federação;32;Espírito Santo;99;119;138;130;141;104;117;103;101;117;126;118;1.413
2024;2024;1;Óbitos por residência;300001;MIF;1;Notificação de óbitos de mulheres;1;Número de óbitos;0;Todos;0;Todos;3006;10 a 49;0;Todos;3;Unidade da federação;33;Rio de Janeiro;554;541;558;548;556;580;558;545;505;523;520;548;6.536
2024;2024;1;Óbitos por residência;300001;MIF;1;Notificação de óbitos de mulheres;1;Número de óbitos;0;Todos;0;Todos;3006;10 a 49;0;Todos;3;Unidade da federação;35;São Paulo;1.103;1.143;1.339;1.425;1.370;1.326;1.204;1.192;1.198;1.174;1.143;1.200;14.817
2024;2024;1;Óbitos por residência;300001;MIF;1;Notificação de óbitos de mulheres;1;Número de óbitos;0;Todos;0;Todos;3006;10 a 49;0;Todos;2;Região;4;Sul;793;792;860;832;898;844;813;792;798;778;808;762;9.770
2024;2024;1;Óbitos por residência;300001;MIF;1;Notificação de óbitos de mulheres;1;Número de óbitos;0;Todos;0;Todos;3006;10 a 49;0;Todos;3;Unidade da federação;41;Paraná;298;330;392;361;362;355;329;330;308;311;316;312;4.004
2024;2024;1;Óbitos por residência;300001;MIF;1;Notificação de óbitos de mulheres;1;Número de óbitos;0;Todos;0;Todos;3006;10 a 49;0;Todos;3;Unidade da federação;42;Santa Catarina;197;180;182;188;212;173;179;159;184;183;176;194;2.207
2024;2024;1;Óbitos por residência;300001;MIF;1;Notificação de óbitos de mulheres;1;Número de óbitos;0;Todos;0;Todos;3006;10 a 49;0;Todos;3;Unidade da federação;43;Rio Grande do Sul;298;282;286;283;324;316;305;303;306;284;316;256;3.559
2024;2024;1;Óbitos por residência;300001;MIF;1;Notificação de óbitos de mulheres;1;Número de óbitos;0;Todos;0;Todos;3006;10 a 49;0;Todos;2;Região;5;Centro-Oeste;481;491;502;524;517;478;434;459;494;494;467;484;5.825
2024;2024;1;Óbitos por residência;300001;MIF;1;Notificação de óbitos de mulheres;1;Número de óbitos;0;Todos;0;Todos;3006;10 a 49;0;Todos;3;Unidade da federação;50;Mato Grosso do Sul;82;83;103;90;93;100;71;81;98;82;94;93;1.070
2024;2024;1;Óbitos por residência;300001;MIF;1;Notificação de óbitos de mulheres;1;Número de óbitos;0;Todos;0;Todos;3006;10 a 49;0;Todos;3;Unidade da federação;51;Mato Grosso;116;117;92;117;108;102;101;109;119;104;104;110;1.299
2024;2024;1;Óbitos por residência;300001;MIF;1;Notificação de óbitos de mulheres;1;Número de óbitos;0;Todos;0;Todos;3006;10 a 49;0;Todos;3;Unidade da federação;52;Goiás;214;208;212;220;240;211;191;193;226;245;200;216;2.576
2024;2024;1;Óbitos por residência;300001;MIF;1;Notificação de óbitos de mulheres;1;Número de óbitos;0;Todos;0;Todos;3006;10 a 49;0;Todos;3;Unidade da federação;53;Distrito Federal;69;83;95;97;76;65;71;76;51;63;69;65;880